{"episode_rewards": [-200.0, -200.0, -200.0, -200.0, -200.0, -200.0, -200.0, -200.0, -200.0, -200.0, -200.0, -200.0, -200.0, -200.0, -200.0, -200.0, -200.0, -200.0, -200.0, -200.0], "episode_lengths": [200, 200, 200, 200, 200, 200, 200, 200, 200, 200, 200, 200, 200, 200, 200, 200, 200, 200, 200, 200], "initial_reset_timestamp": 1520139923.1665294, "episode_types": ["t", "t", "t", "t", "t", "t", "t", "t", "t", "t", "t", "t", "t", "t", "t", "t", "t", "t", "t", "t"], "timestamps": [1520139926.764782, 1520139926.8788497, 1520139926.9191825, 1520139926.9583914, 1520139926.997336, 1520139927.036787, 1520139927.0844467, 1520139927.1221056, 1520139927.1659408, 1520139927.2054281, 1520139927.2450526, 1520139927.2825146, 1520139927.3297598, 1520139927.3661911, 1520139927.40523, 1520139927.4471338, 1520139927.4843194, 1520139927.5215063, 1520139927.5740864, 1520139927.6134477]}