{"timestamps": [1520145511.1400685], "episode_types": ["t", "t"], "initial_reset_timestamp": 1520145509.2414372, "episode_lengths": [771], "episode_rewards": [210.0]}