{"episode_rewards": [14.0, 25.0, 68.0, 200.0, 124.0, 200.0, 15.0, 200.0, 21.0, 29.0, 26.0, 15.0, 40.0, 200.0, 36.0, 200.0, 63.0, 200.0, 33.0, 21.0, 10.0, 12.0, 10.0, 10.0, 9.0, 9.0, 10.0, 10.0, 10.0, 13.0, 9.0, 10.0, 9.0, 9.0, 11.0, 10.0, 9.0, 10.0, 10.0, 9.0, 10.0, 10.0, 11.0, 9.0, 10.0, 9.0, 10.0, 9.0, 9.0, 10.0, 10.0, 9.0, 11.0, 11.0, 11.0, 11.0, 11.0, 11.0, 12.0, 9.0, 10.0, 10.0, 10.0, 8.0, 10.0, 8.0, 12.0, 11.0, 10.0, 10.0, 11.0, 9.0, 10.0, 10.0, 9.0, 12.0, 11.0, 10.0, 10.0, 10.0, 10.0, 9.0, 11.0, 10.0, 10.0, 10.0, 10.0, 9.0, 10.0, 10.0, 11.0, 10.0, 10.0, 10.0, 10.0, 10.0, 11.0, 8.0, 10.0, 10.0, 10.0, 10.0, 10.0, 10.0, 10.0, 9.0, 10.0, 10.0, 12.0, 8.0, 10.0, 10.0, 10.0, 8.0, 10.0, 10.0, 12.0, 9.0, 10.0, 10.0, 10.0, 10.0, 13.0, 10.0, 9.0, 9.0, 10.0, 10.0, 10.0, 9.0, 9.0, 8.0, 8.0, 10.0, 10.0, 9.0, 9.0, 10.0, 9.0, 10.0], "episode_types": ["t", "t", "t", "t", "t", "t", "t", "t", "t", "t", "t", "t", "t", "t", "t", "t", "t", "t", "t", "t", "t", "t", "t", "t", "t", "t", "t", "t", "t", "t", "t", "t", "t", "t", "t", "t", "t", "t", "t", "t", "t", "t", "t", "t", "t", "t", "t", "t", "t", "t", "t", "t", "t", "t", "t", "t", "t", "t", "t", "t", "t", "t", "t", "t", "t", "t", "t", "t", "t", "t", "t", "t", "t", "t", "t", "t", "t", "t", "t", "t", "t", "t", "t", "t", "t", "t", "t", "t", "t", "t", "t", "t", "t", "t", "t", "t", "t", "t", "t", "t", "t", "t", "t", "t", "t", "t", "t", "t", "t", "t", "t", "t", "t", "t", "t", "t", "t", "t", "t", "t", "t", "t", "t", "t", "t", "t", "t", "t", "t", "t", "t", "t", "t", "t", "t", "t", "t", "t", "t", "t"], "episode_lengths": [14, 25, 68, 200, 124, 200, 15, 200, 21, 29, 26, 15, 40, 200, 36, 200, 63, 200, 33, 21, 10, 12, 10, 10, 9, 9, 10, 10, 10, 13, 9, 10, 9, 9, 11, 10, 9, 10, 10, 9, 10, 10, 11, 9, 10, 9, 10, 9, 9, 10, 10, 9, 11, 11, 11, 11, 11, 11, 12, 9, 10, 10, 10, 8, 10, 8, 12, 11, 10, 10, 11, 9, 10, 10, 9, 12, 11, 10, 10, 10, 10, 9, 11, 10, 10, 10, 10, 9, 10, 10, 11, 10, 10, 10, 10, 10, 11, 8, 10, 10, 10, 10, 10, 10, 10, 9, 10, 10, 12, 8, 10, 10, 10, 8, 10, 10, 12, 9, 10, 10, 10, 10, 13, 10, 9, 9, 10, 10, 10, 9, 9, 8, 8, 10, 10, 9, 9, 10, 9, 10], "initial_reset_timestamp": 1520008914.6269774, "timestamps": [1520008915.561851, 1520008915.6750722, 1520008915.6893969, 1520008915.7260728, 1520008915.7469218, 1520008915.7821681, 1520008915.7845273, 1520008915.821106, 1520008915.824907, 1520008915.8293908, 1520008915.8341582, 1520008915.8363268, 1520008915.8433166, 1520008915.8797233, 1520008915.8868701, 1520008915.9226806, 1520008915.933463, 1520008915.9697316, 1520008915.9767745, 1520008915.981348, 1520008917.3545876, 1520008917.356684, 1520008917.3588102, 1520008917.360898, 1520008917.3629508, 1520008917.364913, 1520008917.367448, 1520008917.3694398, 1520008917.3713617, 1520008917.3734765, 1520008917.3751833, 1520008917.3774064, 1520008917.379401, 1520008917.381491, 1520008917.383852, 1520008917.386251, 1520008917.388524, 1520008917.3912082, 1520008917.393147, 1520008917.3953247, 1520008918.7723367, 1520008918.7742283, 1520008918.7761147, 1520008918.7777088, 1520008918.7796578, 1520008918.7812037, 1520008918.7829962, 1520008918.7847583, 1520008918.7864945, 1520008918.7886267, 1520008918.790388, 1520008918.7920914, 1520008918.794099, 1520008918.7960148, 1520008918.7979352, 1520008918.799954, 1520008918.8020825, 1520008918.8039498, 1520008918.8062227, 1520008918.8079069, 1520008920.1684513, 1520008920.1704872, 1520008920.1723485, 1520008920.1738913, 1520008920.1756415, 1520008920.1767397, 1520008920.178754, 1520008920.1807573, 1520008920.182588, 1520008920.1843178, 1520008920.186117, 1520008920.187571, 1520008920.1893592, 1520008920.1911302, 1520008920.1927528, 1520008920.194574, 1520008920.1965182, 1520008920.1982427, 1520008920.1998646, 1520008920.2013016, 1520008921.5578287, 1520008921.5596745, 1520008921.561747, 1520008921.5638359, 1520008921.5662513, 1520008921.5681772, 1520008921.5696242, 1520008921.5712423, 1520008921.5728679, 1520008921.5746603, 1520008921.576583, 1520008921.578422, 1520008921.580416, 1520008921.582222, 1520008921.5840876, 1520008921.5860772, 1520008921.5880604, 1520008921.5896733, 1520008921.591507, 1520008921.5935035, 1520008923.3270607, 1520008923.3854506, 1520008923.3887262, 1520008923.3926072, 1520008923.396025, 1520008923.3977396, 1520008923.3995316, 1520008923.4012067, 1520008923.403166, 1520008923.4044309, 1520008923.4062476, 1520008923.4078503, 1520008923.4096456, 1520008923.4110417, 1520008923.4128258, 1520008923.4149504, 1520008923.4170399, 1520008923.418724, 1520008923.4207184, 1520008923.4225464, 1520008924.800385, 1520008924.8028495, 1520008924.8054054, 1520008924.8076942, 1520008924.8093631, 1520008924.8110623, 1520008924.8127964, 1520008924.8146381, 1520008924.816466, 1520008924.8179588, 1520008924.8197086, 1520008924.8212223, 1520008924.8227909, 1520008924.8243825, 1520008924.8262591, 1520008924.8278458, 1520008924.829666, 1520008924.832029, 1520008924.8337567, 1520008924.8359284]}