{"episode_rewards": [9.0, 9.0, 9.0, 11.0, 9.0, 11.0, 8.0, 8.0, 10.0, 8.0, 8.0, 10.0, 10.0, 8.0, 10.0, 10.0, 8.0, 10.0, 8.0, 9.0, 9.0, 8.0, 10.0, 9.0, 9.0, 9.0, 10.0, 8.0, 9.0, 9.0, 9.0, 10.0, 9.0, 12.0, 9.0, 9.0, 10.0, 9.0, 9.0, 9.0, 9.0, 9.0, 10.0, 8.0, 9.0, 10.0, 9.0, 8.0, 10.0, 9.0, 9.0, 9.0, 9.0, 9.0, 9.0, 9.0, 9.0, 10.0, 11.0, 9.0, 9.0, 9.0, 9.0, 9.0, 9.0, 9.0, 8.0, 9.0, 10.0, 10.0, 10.0, 9.0, 9.0, 10.0, 8.0, 9.0, 11.0, 8.0, 11.0, 9.0], "episode_lengths": [9, 9, 9, 11, 9, 11, 8, 8, 10, 8, 8, 10, 10, 8, 10, 10, 8, 10, 8, 9, 9, 8, 10, 9, 9, 9, 10, 8, 9, 9, 9, 10, 9, 12, 9, 9, 10, 9, 9, 9, 9, 9, 10, 8, 9, 10, 9, 8, 10, 9, 9, 9, 9, 9, 9, 9, 9, 10, 11, 9, 9, 9, 9, 9, 9, 9, 8, 9, 10, 10, 10, 9, 9, 10, 8, 9, 11, 8, 11, 9], "episode_types": ["t", "t", "t", "t", "t", "t", "t", "t", "t", "t", "t", "t", "t", "t", "t", "t", "t", "t", "t", "t", "t", "t", "t", "t", "t", "t", "t", "t", "t", "t", "t", "t", "t", "t", "t", "t", "t", "t", "t", "t", "t", "t", "t", "t", "t", "t", "t", "t", "t", "t", "t", "t", "t", "t", "t", "t", "t", "t", "t", "t", "t", "t", "t", "t", "t", "t", "t", "t", "t", "t", "t", "t", "t", "t", "t", "t", "t", "t", "t", "t"], "initial_reset_timestamp": 1520036596.7841284, "timestamps": [1520036597.6169784, 1520036597.6677818, 1520036597.6702702, 1520036597.673188, 1520036597.675559, 1520036597.67804, 1520036597.68033, 1520036597.6821082, 1520036597.684462, 1520036597.6862593, 1520036597.6884294, 1520036597.69076, 1520036597.6934679, 1520036597.6958823, 1520036597.69862, 1520036597.7011614, 1520036597.7031798, 1520036597.7051346, 1520036597.7064185, 1520036597.7080305, 1520036599.0957458, 1520036599.0974145, 1520036599.0996, 1520036599.1014762, 1520036599.1035905, 1520036599.105553, 1520036599.1073256, 1520036599.108684, 1520036599.110205, 1520036599.1123686, 1520036599.1144514, 1520036599.1166148, 1520036599.1185493, 1520036599.1206644, 1520036599.1224566, 1520036599.124083, 1520036599.1259465, 1520036599.1274307, 1520036599.129315, 1520036599.1310434, 1520036600.8473735, 1520036600.91236, 1520036600.9153507, 1520036600.917682, 1520036600.9200375, 1520036600.9226635, 1520036600.9248116, 1520036600.9262242, 1520036600.9287462, 1520036600.9308743, 1520036600.9331536, 1520036600.9351804, 1520036600.936614, 1520036600.9384263, 1520036600.9401786, 1520036600.9420998, 1520036600.9440844, 1520036600.9461458, 1520036600.9481955, 1520036600.9503086, 1520036602.3220289, 1520036602.3235707, 1520036602.3252876, 1520036602.3270524, 1520036602.3286612, 1520036602.330325, 1520036602.331664, 1520036602.3333638, 1520036602.3349006, 1520036602.3368888, 1520036602.3388438, 1520036602.3406286, 1520036602.3424308, 1520036602.3441465, 1520036602.3456993, 1520036602.3474367, 1520036602.3493352, 1520036602.3506389, 1520036602.352546, 1520036602.3542337]}